session_id,customer_id,session_start_time,session_end_time,device_type,country
1,56.0,2023-09-23T00:00:00,2023-09-23T00:32:00,tablet,US
2,69.0,2023-10-06T00:00:00,2023-10-06T00:19:00,mobile,US
3,39.0,2024-10-08T00:00:00,2024-10-08T00:26:00,desktop,FR
4,96.0,2023-06-03T00:00:00,2023-06-03T00:46:00,tablet,US
5,76.0,2024-02-08T00:00:00,2024-02-08T00:18:00,desktop,FR
6,,2024-08-25T00:00:00,2024-08-25T00:31:00,mobile,UK
7,45.0,2023-05-18T00:00:00,2023-05-18T00:42:00,mobile,FR
8,,2024-01-02T00:00:00,2024-01-02T00:28:00,tablet,FR
9,41.0,2023-09-21T00:00:00,2023-09-21T00:27:00,mobile,DE
10,80.0,2024-08-09T00:00:00,2024-08-09T00:30:00,tablet,FR
11,24.0,2023-03-20T00:00:00,2023-03-20T00:41:00,tablet,FR
12,24.0,2024-10-11T00:00:00,2024-10-11T00:32:00,desktop,IN
13,35.0,2024-12-13T00:00:00,2024-12-13T00:35:00,tablet,IN
14,73.0,2024-12-01T00:00:00,2024-12-01T00:04:00,tablet,UK
15,47.0,2024-06-16T00:00:00,2024-06-16T00:10:00,desktop,UK
16,96.0,2024-01-02T00:00:00,2024-01-02T00:55:00,mobile,IN
17,41.0,2023-05-05T00:00:00,2023-05-05T00:41:00,desktop,IN
18,35.0,2023-12-19T00:00:00,2023-12-19T00:42:00,desktop,DE
19,88.0,2024-11-05T00:00:00,2024-11-05T00:16:00,mobile,UK
20,15.0,2023-08-01T00:00:00,2023-08-01T00:13:00,desktop,UK
21,,2024-01-12T00:00:00,2024-01-12T00:30:00,mobile,FR
22,56.0,2024-05-06T00:00:00,2024-05-06T00:42:00,desktop,UK
23,21.0,2023-12-05T00:00:00,2023-12-05T00:09:00,desktop,DE
24,,2023-12-10T00:00:00,2023-12-10T00:43:00,tablet,UK
25,83.0,2023-04-13T00:00:00,2023-04-13T00:47:00,mobile,US
26,8.0,2023-05-25T00:00:00,2023-05-25T00:21:00,tablet,DE
27,9.0,2024-04-20T00:00:00,2024-04-20T00:58:00,mobile,US
28,51.0,2023-07-22T00:00:00,2023-07-22T00:16:00,desktop,FR
29,95.0,2024-07-25T00:00:00,2024-07-25T01:00:00,desktop,FR
30,86.0,2024-10-15T00:00:00,2024-10-15T00:50:00,tablet,DE
31,64.0,2023-06-01T00:00:00,2023-06-01T00:16:00,tablet,US
32,99.0,2024-01-15T00:00:00,2024-01-15T00:22:00,tablet,IN
33,96.0,2023-10-28T00:00:00,2023-10-28T01:00:00,mobile,UK
34,19.0,2023-06-18T00:00:00,2023-06-18T00:12:00,desktop,DE
35,57.0,2024-04-22T00:00:00,2024-04-22T00:17:00,tablet,US
36,63.0,2024-08-28T00:00:00,2024-08-28T00:24:00,tablet,US
37,41.0,2024-09-09T00:00:00,2024-09-09T00:28:00,mobile,UK
38,36.0,2023-07-27T00:00:00,2023-07-27T00:24:00,mobile,DE
39,40.0,2023-03-22T00:00:00,2023-03-22T00:42:00,tablet,US
40,95.0,2023-04-25T00:00:00,2023-04-25T00:45:00,tablet,UK
41,33.0,2024-09-16T00:00:00,2024-09-16T00:25:00,mobile,DE
42,88.0,2023-07-03T00:00:00,2023-07-03T00:35:00,desktop,IN
43,50.0,2023-03-09T00:00:00,2023-03-09T00:59:00,mobile,DE
44,39.0,2023-06-01T00:00:00,2023-06-01T01:00:00,desktop,DE
45,27.0,2023-08-12T00:00:00,2023-08-12T00:59:00,mobile,DE
46,99.0,2024-12-19T00:00:00,2024-12-19T00:27:00,desktop,DE
47,11.0,2024-07-16T00:00:00,2024-07-16T00:31:00,tablet,IN
48,43.0,2024-05-06T00:00:00,2024-05-06T00:57:00,desktop,UK
49,90.0,2023-11-23T00:00:00,2023-11-23T00:33:00,desktop,DE
50,54.0,2024-11-06T00:00:00,2024-11-06T00:47:00,tablet,DE
51,59.0,2023-03-29T00:00:00,2023-03-29T00:49:00,desktop,UK
52,81.0,2024-05-28T00:00:00,2024-05-28T00:51:00,tablet,UK
53,1.0,2024-04-14T00:00:00,2024-04-14T00:13:00,tablet,DE
54,41.0,2024-10-10T00:00:00,2024-10-10T00:06:00,desktop,UK
55,32.0,2024-08-10T00:00:00,2024-08-10T00:46:00,tablet,UK
56,77.0,2024-04-24T00:00:00,2024-04-24T00:51:00,mobile,IN
57,62.0,2023-07-15T00:00:00,2023-07-15T00:17:00,desktop,FR
58,42.0,2023-12-14T00:00:00,2023-12-14T00:13:00,desktop,IN
59,48.0,2023-09-03T00:00:00,2023-09-03T00:26:00,mobile,FR
60,29.0,2023-03-22T00:00:00,2023-03-22T00:02:00,tablet,FR
61,81.0,2023-10-21T00:00:00,2023-10-21T00:59:00,desktop,IN
62,26.0,2023-11-24T00:00:00,2023-11-24T00:45:00,desktop,US
63,52.0,2024-11-22T00:00:00,2024-11-22T00:28:00,tablet,DE
64,20.0,2023-05-31T00:00:00,2023-05-31T00:24:00,desktop,FR
65,16.0,2023-03-15T00:00:00,2023-03-15T00:46:00,tablet,IN
66,99.0,2024-06-07T00:00:00,2024-06-07T00:53:00,tablet,IN
67,16.0,2023-10-16T00:00:00,2023-10-16T00:46:00,desktop,UK
68,,2023-11-28T00:00:00,2023-11-28T00:19:00,tablet,IN
69,49.0,2023-07-12T00:00:00,2023-07-12T00:28:00,desktop,FR
70,28.0,2023-12-15T00:00:00,2023-12-15T00:47:00,tablet,UK
71,54.0,2023-09-01T00:00:00,2023-09-01T00:27:00,desktop,US
72,38.0,2023-11-24T00:00:00,2023-11-24T00:16:00,tablet,IN
73,32.0,2024-03-13T00:00:00,2024-03-13T00:38:00,tablet,IN
74,11.0,2023-03-11T00:00:00,2023-03-11T00:31:00,desktop,DE
75,89.0,2024-04-11T00:00:00,2024-04-11T00:44:00,desktop,IN
76,91.0,2024-05-07T00:00:00,2024-05-07T00:48:00,tablet,DE
77,10.0,2023-06-06T00:00:00,2023-06-06T00:36:00,desktop,US
78,43.0,2023-10-27T00:00:00,2023-10-27T00:31:00,mobile,FR
79,86.0,2024-11-02T00:00:00,2024-11-02T00:46:00,tablet,US
80,1.0,2023-11-15T00:00:00,2023-11-15T00:33:00,tablet,IN
81,39.0,2024-04-08T00:00:00,2024-04-08T00:43:00,mobile,UK
82,72.0,2023-04-12T00:00:00,2023-04-12T00:38:00,desktop,DE
83,22.0,2024-07-28T00:00:00,2024-07-28T00:32:00,mobile,IN
84,17.0,2023-05-31T00:00:00,2023-05-31T00:21:00,tablet,FR
85,56.0,2023-07-24T00:00:00,2023-07-24T00:17:00,desktop,DE
86,6.0,2023-07-09T00:00:00,2023-07-09T00:32:00,mobile,DE
87,56.0,2023-12-15T00:00:00,2023-12-15T00:58:00,mobile,FR
88,98.0,2023-11-26T00:00:00,2023-11-26T00:34:00,mobile,IN
89,22.0,2024-01-18T00:00:00,2024-01-18T00:48:00,mobile,UK
90,72.0,2024-12-11T00:00:00,2024-12-11T00:52:00,mobile,US
91,25.0,2023-07-31T00:00:00,2023-07-31T00:04:00,desktop,UK
92,5.0,2024-06-24T00:00:00,2024-06-24T00:17:00,desktop,IN
93,56.0,2023-06-27T00:00:00,2023-06-27T00:58:00,mobile,US
94,57.0,2024-02-29T00:00:00,2024-02-29T00:46:00,tablet,IN
95,59.0,2024-07-17T00:00:00,2024-07-17T00:08:00,tablet,UK
96,16.0,2024-02-21T00:00:00,2024-02-21T00:06:00,desktop,DE
97,24.0,2023-08-20T00:00:00,2023-08-20T00:48:00,tablet,DE
98,73.0,2024-10-20T00:00:00,2024-10-20T00:14:00,tablet,US
99,68.0,2024-10-05T00:00:00,2024-10-05T00:12:00,mobile,US
100,32.0,2024-07-23T00:00:00,2024-07-23T00:44:00,desktop,DE
101,4.0,2023-12-17T00:00:00,2023-12-17T00:44:00,tablet,US
102,51.0,2024-03-17T00:00:00,2024-03-17T00:38:00,desktop,DE
103,20.0,2023-03-30T00:00:00,2023-03-30T00:06:00,mobile,IN
104,59.0,2024-12-03T00:00:00,2024-12-03T00:18:00,tablet,US
105,43.0,2023-04-14T00:00:00,2023-04-14T00:42:00,tablet,IN
106,42.0,2024-10-03T00:00:00,2024-10-03T00:09:00,desktop,US
107,,2024-12-19T00:00:00,2024-12-19T00:19:00,mobile,US
108,96.0,2023-05-12T00:00:00,2023-05-12T00:36:00,tablet,IN
109,12.0,2024-04-12T00:00:00,2024-04-12T00:17:00,desktop,UK
110,99.0,2024-04-12T00:00:00,2024-04-12T00:06:00,desktop,UK
111,21.0,2024-04-01T00:00:00,2024-04-01T00:50:00,mobile,DE
112,83.0,2024-12-29T00:00:00,2024-12-29T00:10:00,desktop,DE
113,63.0,2024-05-16T00:00:00,2024-05-16T00:48:00,mobile,FR
114,17.0,2024-03-02T00:00:00,2024-03-02T00:43:00,desktop,DE
115,66.0,2023-09-21T00:00:00,2023-09-21T00:32:00,mobile,IN
116,61.0,2023-11-30T00:00:00,2023-11-30T00:37:00,tablet,IN
117,12.0,2024-05-06T00:00:00,2024-05-06T00:52:00,mobile,FR
118,24.0,2024-05-18T00:00:00,2024-05-18T00:41:00,mobile,US
119,6.0,2024-08-07T00:00:00,2024-08-07T00:22:00,mobile,UK
120,83.0,2023-08-06T00:00:00,2023-08-06T01:00:00,mobile,FR
121,81.0,2024-12-22T00:00:00,2024-12-22T00:34:00,desktop,DE
122,60.0,2024-05-21T00:00:00,2024-05-21T00:06:00,mobile,DE
123,20.0,2023-07-09T00:00:00,2023-07-09T00:44:00,mobile,UK
124,67.0,2024-05-11T00:00:00,2024-05-11T00:19:00,tablet,US
125,71.0,2023-05-18T00:00:00,2023-05-18T00:59:00,desktop,FR
126,14.0,2024-08-04T00:00:00,2024-08-04T00:28:00,mobile,US
127,60.0,2024-10-03T00:00:00,2024-10-03T00:53:00,mobile,DE
128,33.0,2024-10-20T00:00:00,2024-10-20T00:06:00,tablet,US
129,15.0,2024-06-16T00:00:00,2024-06-16T00:12:00,desktop,IN
130,6.0,2023-05-25T00:00:00,2023-05-25T00:27:00,tablet,DE
131,41.0,2024-10-22T00:00:00,2024-10-22T00:47:00,mobile,IN
132,80.0,2023-11-27T00:00:00,2023-11-27T00:22:00,desktop,UK
133,24.0,2023-05-20T00:00:00,2023-05-20T00:48:00,tablet,DE
134,87.0,2023-06-17T00:00:00,2023-06-17T00:28:00,tablet,US
135,1.0,2024-04-08T00:00:00,2024-04-08T00:08:00,desktop,UK
136,84.0,2024-07-01T00:00:00,2024-07-01T00:30:00,tablet,IN
137,85.0,2024-11-06T00:00:00,2024-11-06T00:47:00,mobile,DE
138,80.0,2024-11-21T00:00:00,2024-11-21T00:24:00,tablet,IN
139,,2024-01-04T00:00:00,2024-01-04T00:06:00,desktop,UK
140,2.0,2023-09-12T00:00:00,2023-09-12T00:08:00,desktop,UK
141,4.0,2023-10-01T00:00:00,2023-10-01T00:31:00,tablet,UK
142,84.0,2023-11-03T00:00:00,2023-11-03T00:28:00,tablet,FR
143,25.0,2023-05-28T00:00:00,2023-05-28T00:20:00,mobile,UK
144,61.0,2024-05-06T00:00:00,2024-05-06T00:02:00,desktop,UK
145,20.0,2024-05-29T00:00:00,2024-05-29T00:32:00,mobile,US
146,58.0,2024-10-20T00:00:00,2024-10-20T00:16:00,desktop,DE
147,73.0,2024-04-05T00:00:00,2024-04-05T00:04:00,mobile,US
148,14.0,2024-12-05T00:00:00,2024-12-05T00:55:00,tablet,IN
149,54.0,2024-07-20T00:00:00,2024-07-20T00:48:00,tablet,FR
150,94.0,2024-09-18T00:00:00,2024-09-18T00:19:00,desktop,IN
151,52.0,2024-07-10T00:00:00,2024-07-10T00:33:00,tablet,FR
152,87.0,2024-07-12T00:00:00,2024-07-12T00:15:00,tablet,US
153,68.0,2023-03-20T00:00:00,2023-03-20T00:28:00,tablet,DE
154,71.0,2023-05-05T00:00:00,2023-05-05T00:18:00,tablet,IN
155,61.0,2023-06-28T00:00:00,2023-06-28T00:32:00,tablet,DE
156,58.0,2024-05-20T00:00:00,2024-05-20T00:02:00,desktop,DE
157,93.0,2023-09-13T00:00:00,2023-09-13T00:31:00,mobile,IN
158,30.0,2024-08-01T00:00:00,2024-08-01T00:15:00,tablet,DE
159,78.0,2024-06-22T00:00:00,2024-06-22T00:09:00,mobile,IN
160,54.0,2024-12-28T00:00:00,2024-12-28T00:48:00,mobile,IN
161,,2023-08-13T00:00:00,2023-08-13T00:40:00,desktop,DE
162,89.0,2023-05-28T00:00:00,2023-05-28T00:43:00,mobile,UK
163,23.0,2023-09-21T00:00:00,2023-09-21T00:11:00,tablet,IN
164,13.0,2024-04-29T00:00:00,2024-04-29T00:32:00,mobile,UK
165,27.0,2024-09-21T00:00:00,2024-09-21T00:04:00,desktop,DE
166,34.0,2024-02-29T00:00:00,2024-02-29T00:44:00,desktop,UK
167,65.0,2023-04-02T00:00:00,2023-04-02T00:52:00,desktop,DE
168,56.0,2023-06-25T00:00:00,2023-06-25T00:40:00,desktop,US
169,72.0,2023-10-16T00:00:00,2023-10-16T00:32:00,mobile,DE
170,,2024-02-27T00:00:00,2024-02-27T00:50:00,desktop,FR
171,35.0,2023-08-02T00:00:00,2023-08-02T00:55:00,tablet,FR
172,78.0,2023-06-15T00:00:00,2023-06-15T00:46:00,desktop,IN
173,,2024-06-11T00:00:00,2024-06-11T00:54:00,desktop,US
174,,2024-11-15T00:00:00,2024-11-15T00:40:00,desktop,FR
175,6.0,2024-08-01T00:00:00,2024-08-01T00:07:00,desktop,US
176,27.0,2024-03-05T00:00:00,2024-03-05T00:11:00,tablet,DE
177,91.0,2024-05-26T00:00:00,2024-05-26T00:49:00,tablet,IN
178,94.0,2023-06-10T00:00:00,2023-06-10T00:10:00,tablet,DE
179,43.0,2023-07-20T00:00:00,2023-07-20T00:08:00,desktop,IN
180,54.0,2023-03-07T00:00:00,2023-03-07T00:16:00,mobile,DE
181,37.0,2024-07-30T00:00:00,2024-07-30T00:11:00,desktop,DE
182,48.0,2024-04-28T00:00:00,2024-04-28T00:24:00,tablet,UK
183,20.0,2024-08-24T00:00:00,2024-08-24T00:27:00,desktop,UK
184,,2024-05-13T00:00:00,2024-05-13T00:27:00,mobile,IN
185,67.0,2024-03-05T00:00:00,2024-03-05T00:02:00,mobile,UK
186,99.0,2023-03-11T00:00:00,2023-03-11T00:46:00,tablet,US
187,11.0,2024-02-10T00:00:00,2024-02-10T00:21:00,mobile,UK
188,56.0,2023-05-02T00:00:00,2023-05-02T00:26:00,desktop,UK
189,74.0,2023-04-29T00:00:00,2023-04-29T00:41:00,tablet,FR
190,38.0,2024-05-03T00:00:00,2024-05-03T00:26:00,tablet,FR
191,39.0,2024-01-16T00:00:00,2024-01-16T00:59:00,mobile,US
192,36.0,2024-08-22T00:00:00,2024-08-22T00:40:00,desktop,IN
193,58.0,2024-12-19T00:00:00,2024-12-19T00:14:00,tablet,FR
194,,2024-11-23T00:00:00,2024-11-23T00:42:00,mobile,DE
195,,2024-12-24T00:00:00,2024-12-24T00:26:00,desktop,DE
196,11.0,2023-04-07T00:00:00,2023-04-07T00:35:00,mobile,IN
197,93.0,2023-07-08T00:00:00,2023-07-08T00:34:00,tablet,DE
198,28.0,2023-06-04T00:00:00,2023-06-04T00:33:00,tablet,DE
199,67.0,2024-02-12T00:00:00,2024-02-12T00:49:00,tablet,UK
200,3.0,2023-03-29T00:00:00,2023-03-29T00:57:00,tablet,FR
201,34.0,2023-11-03T00:00:00,2023-11-03T00:54:00,mobile,IN
202,65.0,2023-06-22T00:00:00,2023-06-22T00:47:00,desktop,DE
203,34.0,2024-12-02T00:00:00,2024-12-02T00:33:00,mobile,US
204,7.0,2024-12-26T00:00:00,2024-12-26T00:08:00,mobile,DE
205,74.0,2023-03-06T00:00:00,2023-03-06T00:30:00,mobile,UK
206,96.0,2024-10-16T00:00:00,2024-10-16T00:37:00,tablet,FR
207,77.0,2023-10-26T00:00:00,2023-10-26T00:23:00,mobile,DE
208,86.0,2024-10-07T00:00:00,2024-10-07T00:44:00,desktop,IN
209,67.0,2023-11-09T00:00:00,2023-11-09T00:07:00,mobile,FR
210,75.0,2023-09-14T00:00:00,2023-09-14T00:53:00,mobile,IN
211,13.0,2023-07-29T00:00:00,2023-07-29T00:46:00,mobile,IN
212,11.0,2023-06-03T00:00:00,2023-06-03T00:04:00,mobile,UK
213,61.0,2023-10-06T00:00:00,2023-10-06T00:29:00,desktop,DE
214,87.0,2024-08-20T00:00:00,2024-08-20T00:26:00,tablet,FR
215,67.0,2024-04-08T00:00:00,2024-04-08T00:56:00,mobile,FR
216,64.0,2024-12-11T00:00:00,2024-12-11T00:28:00,mobile,IN
217,94.0,2024-04-30T00:00:00,2024-04-30T00:53:00,desktop,UK
218,65.0,2023-07-09T00:00:00,2023-07-09T00:32:00,tablet,IN
219,17.0,2024-08-07T00:00:00,2024-08-07T00:56:00,tablet,US
220,89.0,2023-10-04T00:00:00,2023-10-04T00:30:00,mobile,US
221,96.0,2023-08-08T00:00:00,2023-08-08T00:36:00,mobile,US
222,78.0,2024-04-22T00:00:00,2024-04-22T00:08:00,desktop,DE
223,74.0,2023-12-22T00:00:00,2023-12-22T00:03:00,tablet,UK
224,16.0,2024-03-15T00:00:00,2024-03-15T00:20:00,mobile,DE
225,38.0,2024-07-10T00:00:00,2024-07-10T00:02:00,desktop,UK
226,,2024-10-24T00:00:00,2024-10-24T00:27:00,desktop,DE
227,37.0,2023-10-07T00:00:00,2023-10-07T00:12:00,tablet,IN
228,1.0,2023-07-04T00:00:00,2023-07-04T00:36:00,mobile,US
229,6.0,2024-05-01T00:00:00,2024-05-01T00:31:00,tablet,DE
230,73.0,2024-06-06T00:00:00,2024-06-06T00:58:00,mobile,IN
231,61.0,2024-11-10T00:00:00,2024-11-10T00:09:00,desktop,FR
232,82.0,2024-06-14T00:00:00,2024-06-14T00:49:00,mobile,IN
233,20.0,2024-01-28T00:00:00,2024-01-28T00:06:00,tablet,FR
234,53.0,2024-03-31T00:00:00,2024-03-31T00:15:00,mobile,DE
235,70.0,2023-04-16T00:00:00,2023-04-16T00:43:00,mobile,DE
236,83.0,2023-05-30T00:00:00,2023-05-30T00:56:00,desktop,US
237,74.0,2024-12-05T00:00:00,2024-12-05T00:51:00,tablet,DE
238,72.0,2024-12-20T00:00:00,2024-12-20T00:08:00,tablet,FR
239,11.0,2023-09-14T00:00:00,2023-09-14T00:40:00,tablet,FR
240,97.0,2023-04-24T00:00:00,2023-04-24T00:37:00,tablet,UK
241,97.0,2024-06-30T00:00:00,2024-06-30T00:33:00,desktop,US
242,85.0,2024-08-26T00:00:00,2024-08-26T00:12:00,desktop,DE
243,,2023-09-27T00:00:00,2023-09-27T00:16:00,tablet,FR
244,57.0,2023-05-26T00:00:00,2023-05-26T00:52:00,tablet,FR
245,42.0,2024-04-15T00:00:00,2024-04-15T00:38:00,desktop,IN
246,3.0,2024-02-12T00:00:00,2024-02-12T00:28:00,desktop,IN
247,4.0,2024-08-22T00:00:00,2024-08-22T00:21:00,mobile,DE
248,12.0,2023-06-26T00:00:00,2023-06-26T00:07:00,tablet,UK
249,37.0,2023-07-26T00:00:00,2023-07-26T00:12:00,mobile,US
250,20.0,2024-01-09T00:00:00,2024-01-09T00:27:00,tablet,UK
251,8.0,2024-11-19T00:00:00,2024-11-19T00:21:00,desktop,US
252,92.0,2023-04-29T00:00:00,2023-04-29T00:20:00,mobile,US
253,41.0,2023-07-24T00:00:00,2023-07-24T00:27:00,mobile,DE
254,49.0,2023-07-02T00:00:00,2023-07-02T00:04:00,desktop,UK
255,97.0,2024-11-01T00:00:00,2024-11-01T00:38:00,desktop,IN
256,66.0,2024-07-29T00:00:00,2024-07-29T00:25:00,desktop,DE
257,8.0,2024-01-20T00:00:00,2024-01-20T00:30:00,tablet,IN
258,9.0,2024-07-08T00:00:00,2024-07-08T00:02:00,mobile,UK
259,3.0,2023-12-01T00:00:00,2023-12-01T00:36:00,tablet,US
260,32.0,2024-09-19T00:00:00,2024-09-19T00:42:00,desktop,DE
261,73.0,2024-04-20T00:00:00,2024-04-20T00:29:00,desktop,FR
262,27.0,2023-07-24T00:00:00,2023-07-24T00:24:00,tablet,UK
263,,2023-11-07T00:00:00,2023-11-07T00:35:00,mobile,FR
264,58.0,2023-04-12T00:00:00,2023-04-12T00:01:00,mobile,FR
265,38.0,2024-12-28T00:00:00,2024-12-28T00:11:00,desktop,US
266,62.0,2023-12-05T00:00:00,2023-12-05T00:39:00,mobile,IN
267,45.0,2024-12-07T00:00:00,2024-12-07T00:14:00,tablet,FR
268,37.0,2023-04-16T00:00:00,2023-04-16T00:11:00,tablet,FR
269,73.0,2023-05-11T00:00:00,2023-05-11T00:20:00,desktop,IN
270,90.0,2023-07-04T00:00:00,2023-07-04T00:54:00,desktop,FR
271,36.0,2024-05-16T00:00:00,2024-05-16T00:14:00,tablet,FR
272,,2024-01-20T00:00:00,2024-01-20T00:57:00,tablet,DE
273,82.0,2023-11-23T00:00:00,2023-11-23T00:49:00,tablet,IN
274,35.0,2023-11-07T00:00:00,2023-11-07T00:43:00,mobile,DE
275,27.0,2024-06-13T00:00:00,2024-06-13T00:39:00,mobile,US
276,89.0,2023-07-15T00:00:00,2023-07-15T00:42:00,desktop,FR
277,61.0,2023-03-05T00:00:00,2023-03-05T00:58:00,desktop,UK
278,53.0,2024-09-20T00:00:00,2024-09-20T00:58:00,tablet,IN
279,98.0,2024-04-06T00:00:00,2024-04-06T00:35:00,desktop,US
280,69.0,2023-04-01T00:00:00,2023-04-01T00:58:00,tablet,IN
281,87.0,2023-07-05T00:00:00,2023-07-05T00:23:00,mobile,FR
282,46.0,2024-03-31T00:00:00,2024-03-31T00:12:00,tablet,US
283,16.0,2024-06-16T00:00:00,2024-06-16T00:24:00,desktop,IN
284,2.0,2023-10-13T00:00:00,2023-10-13T00:48:00,desktop,DE
285,88.0,2024-03-01T00:00:00,2024-03-01T00:13:00,desktop,FR
286,81.0,2024-01-05T00:00:00,2024-01-05T00:52:00,tablet,UK
287,30.0,2024-07-18T00:00:00,2024-07-18T00:24:00,desktop,DE
288,64.0,2024-11-10T00:00:00,2024-11-10T00:14:00,desktop,UK
289,82.0,2024-04-09T00:00:00,2024-04-09T00:08:00,mobile,FR
290,65.0,2024-07-18T00:00:00,2024-07-18T00:11:00,tablet,UK
291,85.0,2024-09-30T00:00:00,2024-09-30T00:44:00,tablet,FR
292,73.0,2023-08-27T00:00:00,2023-08-27T00:05:00,tablet,UK
293,96.0,2023-05-06T00:00:00,2023-05-06T00:09:00,mobile,FR
294,30.0,2024-08-17T00:00:00,2024-08-17T00:47:00,mobile,UK
295,87.0,2023-03-24T00:00:00,2023-03-24T00:45:00,tablet,FR
296,79.0,2023-11-14T00:00:00,2023-11-14T00:44:00,tablet,IN
297,1.0,2024-05-11T00:00:00,2024-05-11T00:42:00,tablet,US
298,42.0,2024-05-16T00:00:00,2024-05-16T00:55:00,mobile,DE
299,16.0,2024-08-12T00:00:00,2024-08-12T00:30:00,mobile,DE
300,67.0,2023-04-14T00:00:00,2023-04-14T00:57:00,tablet,UK
301,7.0,2023-12-10T00:00:00,2023-12-10T00:59:00,mobile,FR
302,58.0,2024-01-18T00:00:00,2024-01-18T00:01:00,mobile,UK
303,43.0,2023-05-23T00:00:00,2023-05-23T00:57:00,tablet,US
304,95.0,2023-10-18T00:00:00,2023-10-18T00:45:00,mobile,US
305,32.0,2023-09-18T00:00:00,2023-09-18T00:11:00,mobile,DE
306,9.0,2024-12-01T00:00:00,2024-12-01T00:41:00,desktop,US
307,62.0,2024-05-16T00:00:00,2024-05-16T00:52:00,desktop,FR
308,,2024-12-01T00:00:00,2024-12-01T01:00:00,mobile,DE
309,32.0,2023-06-19T00:00:00,2023-06-19T00:31:00,desktop,DE
310,7.0,2024-02-05T00:00:00,2024-02-05T00:34:00,desktop,US
311,100.0,2024-11-04T00:00:00,2024-11-04T00:40:00,mobile,US
312,81.0,2024-05-31T00:00:00,2024-05-31T00:38:00,desktop,US
313,8.0,2023-04-04T00:00:00,2023-04-04T00:25:00,mobile,US
314,,2023-07-09T00:00:00,2023-07-09T00:04:00,mobile,US
315,39.0,2024-11-15T00:00:00,2024-11-15T00:41:00,mobile,US
316,14.0,2023-04-27T00:00:00,2023-04-27T00:36:00,desktop,DE
317,49.0,2024-04-15T00:00:00,2024-04-15T00:07:00,tablet,IN
318,30.0,2024-11-03T00:00:00,2024-11-03T00:51:00,tablet,FR
319,2.0,2024-06-07T00:00:00,2024-06-07T00:25:00,mobile,IN
320,80.0,2024-11-24T00:00:00,2024-11-24T00:07:00,mobile,US
321,59.0,2024-08-11T00:00:00,2024-08-11T00:22:00,tablet,UK
322,14.0,2023-06-14T00:00:00,2023-06-14T00:01:00,tablet,US
323,76.0,2023-09-15T00:00:00,2023-09-15T00:58:00,tablet,UK
324,82.0,2024-08-03T00:00:00,2024-08-03T00:17:00,mobile,IN
325,62.0,2024-11-25T00:00:00,2024-11-25T00:29:00,desktop,UK
326,18.0,2023-04-15T00:00:00,2023-04-15T00:04:00,desktop,DE
327,75.0,2024-05-20T00:00:00,2024-05-20T00:33:00,tablet,DE
328,40.0,2024-10-18T00:00:00,2024-10-18T00:57:00,tablet,UK
329,19.0,2024-06-23T00:00:00,2024-06-23T00:20:00,tablet,DE
330,38.0,2024-03-12T00:00:00,2024-03-12T00:01:00,tablet,FR
331,85.0,2023-07-27T00:00:00,2023-07-27T00:04:00,desktop,FR
332,72.0,2023-04-25T00:00:00,2023-04-25T00:28:00,mobile,UK
333,26.0,2024-12-15T00:00:00,2024-12-15T00:59:00,desktop,US
334,44.0,2023-09-10T00:00:00,2023-09-10T00:43:00,mobile,IN
335,77.0,2024-02-03T00:00:00,2024-02-03T00:55:00,tablet,FR
336,43.0,2024-11-20T00:00:00,2024-11-20T00:20:00,mobile,DE
337,21.0,2023-06-16T00:00:00,2023-06-16T00:30:00,desktop,IN
338,29.0,2023-03-04T00:00:00,2023-03-04T00:41:00,desktop,UK
339,60.0,2024-11-28T00:00:00,2024-11-28T00:14:00,desktop,IN
340,95.0,2024-02-03T00:00:00,2024-02-03T00:52:00,tablet,IN
341,27.0,2024-04-13T00:00:00,2024-04-13T00:12:00,desktop,DE
342,2.0,2023-05-15T00:00:00,2023-05-15T00:23:00,desktop,FR
343,15.0,2023-07-24T00:00:00,2023-07-24T00:19:00,mobile,UK
344,81.0,2024-10-20T00:00:00,2024-10-20T00:59:00,mobile,US
345,4.0,2023-09-20T00:00:00,2023-09-20T00:13:00,mobile,UK
346,29.0,2023-11-24T00:00:00,2023-11-24T00:47:00,desktop,DE
347,71.0,2023-11-07T00:00:00,2023-11-07T00:12:00,desktop,US
348,23.0,2023-11-24T00:00:00,2023-11-24T00:59:00,desktop,US
349,87.0,2023-07-19T00:00:00,2023-07-19T00:25:00,tablet,US
350,44.0,2023-10-02T00:00:00,2023-10-02T00:20:00,mobile,UK
351,48.0,2024-03-16T00:00:00,2024-03-16T00:43:00,desktop,FR
352,,2024-11-28T00:00:00,2024-11-28T00:57:00,mobile,US
353,16.0,2023-07-26T00:00:00,2023-07-26T00:57:00,desktop,UK
354,25.0,2024-08-27T00:00:00,2024-08-27T00:25:00,tablet,DE
355,41.0,2024-11-03T00:00:00,2024-11-03T00:28:00,tablet,UK
356,6.0,2024-11-20T00:00:00,2024-11-20T00:38:00,desktop,FR
357,38.0,2023-07-31T00:00:00,2023-07-31T00:21:00,desktop,US
358,81.0,2023-12-12T00:00:00,2023-12-12T00:56:00,desktop,FR
359,75.0,2024-07-13T00:00:00,2024-07-13T00:14:00,tablet,US
360,,2024-06-24T00:00:00,2024-06-24T00:51:00,tablet,FR
361,9.0,2023-08-19T00:00:00,2023-08-19T00:33:00,mobile,FR
362,48.0,2024-07-23T00:00:00,2024-07-23T00:34:00,mobile,UK
363,42.0,2024-03-17T00:00:00,2024-03-17T00:34:00,tablet,IN
364,92.0,2024-07-19T00:00:00,2024-07-19T00:31:00,mobile,FR
365,52.0,2024-12-13T00:00:00,2024-12-13T00:59:00,tablet,US
366,27.0,2023-10-11T00:00:00,2023-10-11T00:58:00,desktop,IN
367,31.0,2024-04-09T00:00:00,2024-04-09T00:14:00,mobile,IN
368,49.0,2024-10-06T00:00:00,2024-10-06T00:11:00,mobile,DE
369,71.0,2023-05-26T00:00:00,2023-05-26T00:09:00,desktop,DE
370,57.0,2024-08-13T00:00:00,2024-08-13T00:23:00,desktop,FR
371,6.0,2024-06-19T00:00:00,2024-06-19T00:33:00,tablet,DE
372,55.0,2024-06-04T00:00:00,2024-06-04T00:30:00,mobile,IN
373,48.0,2024-07-22T00:00:00,2024-07-22T00:21:00,mobile,IN
374,4.0,2023-08-31T00:00:00,2023-08-31T00:29:00,desktop,DE
375,83.0,2023-05-17T00:00:00,2023-05-17T00:23:00,desktop,DE
376,65.0,2024-08-07T00:00:00,2024-08-07T00:35:00,tablet,US
377,,2023-12-09T00:00:00,2023-12-09T01:00:00,desktop,US
378,16.0,2023-05-13T00:00:00,2023-05-13T00:24:00,desktop,FR
379,26.0,2024-02-05T00:00:00,2024-02-05T00:13:00,tablet,DE
380,33.0,2024-01-04T00:00:00,2024-01-04T00:48:00,tablet,DE
381,25.0,2024-11-08T00:00:00,2024-11-08T00:09:00,tablet,FR
382,34.0,2023-03-09T00:00:00,2023-03-09T00:50:00,mobile,DE
383,45.0,2024-04-17T00:00:00,2024-04-17T00:26:00,tablet,US
384,61.0,2024-12-29T00:00:00,2024-12-29T00:33:00,desktop,IN
385,30.0,2023-10-19T00:00:00,2023-10-19T00:47:00,tablet,UK
386,61.0,2023-10-26T00:00:00,2023-10-26T00:34:00,tablet,FR
387,97.0,2024-06-22T00:00:00,2024-06-22T00:47:00,mobile,DE
388,,2023-05-27T00:00:00,2023-05-27T00:21:00,desktop,IN
389,99.0,2024-05-01T00:00:00,2024-05-01T00:14:00,mobile,IN
390,72.0,2023-03-31T00:00:00,2023-03-31T00:24:00,desktop,FR
391,17.0,2024-01-07T00:00:00,2024-01-07T00:48:00,desktop,IN
392,85.0,2024-02-27T00:00:00,2024-02-27T00:22:00,desktop,IN
393,55.0,2024-04-17T00:00:00,2024-04-17T00:49:00,tablet,FR
394,39.0,2024-01-28T00:00:00,2024-01-28T00:38:00,desktop,FR
395,,2023-04-02T00:00:00,2023-04-02T01:00:00,desktop,UK
396,43.0,2024-10-02T00:00:00,2024-10-02T00:41:00,tablet,FR
397,74.0,2024-04-04T00:00:00,2024-04-04T00:25:00,desktop,IN
398,9.0,2024-08-29T00:00:00,2024-08-29T00:25:00,desktop,IN
399,14.0,2024-01-31T00:00:00,2024-01-31T00:37:00,mobile,DE
400,12.0,2023-08-23T00:00:00,2023-08-23T00:07:00,tablet,FR
401,23.0,2023-04-02T00:00:00,2023-04-02T00:53:00,tablet,FR
402,63.0,2023-03-28T00:00:00,2023-03-28T00:12:00,desktop,US
403,50.0,2023-12-16T00:00:00,2023-12-16T00:14:00,desktop,DE
404,85.0,2024-08-18T00:00:00,2024-08-18T00:05:00,mobile,US
405,48.0,2024-08-12T00:00:00,2024-08-12T00:01:00,desktop,DE
406,53.0,2024-04-04T00:00:00,2024-04-04T00:11:00,desktop,UK
407,69.0,2024-05-02T00:00:00,2024-05-02T00:31:00,tablet,US
408,50.0,2023-09-28T00:00:00,2023-09-28T00:09:00,desktop,DE
409,56.0,2024-06-29T00:00:00,2024-06-29T00:11:00,tablet,FR
410,40.0,2024-10-22T00:00:00,2024-10-22T00:13:00,tablet,IN
411,36.0,2023-09-23T00:00:00,2023-09-23T00:01:00,desktop,IN
412,9.0,2024-04-12T00:00:00,2024-04-12T00:39:00,desktop,FR
413,43.0,2024-10-03T00:00:00,2024-10-03T00:57:00,mobile,IN
414,60.0,2024-10-10T00:00:00,2024-10-10T00:03:00,tablet,US
415,37.0,2024-12-21T00:00:00,2024-12-21T00:57:00,mobile,DE
416,90.0,2023-12-30T00:00:00,2023-12-30T00:26:00,tablet,UK
417,54.0,2023-11-11T00:00:00,2023-11-11T00:12:00,tablet,IN
418,59.0,2024-03-28T00:00:00,2024-03-28T00:59:00,tablet,UK
419,90.0,2024-10-03T00:00:00,2024-10-03T00:07:00,mobile,US
420,31.0,2023-08-09T00:00:00,2023-08-09T00:18:00,tablet,FR
421,38.0,2023-05-08T00:00:00,2023-05-08T00:45:00,tablet,UK
422,64.0,2024-04-25T00:00:00,2024-04-25T00:49:00,tablet,US
423,48.0,2023-05-18T00:00:00,2023-05-18T00:49:00,desktop,FR
424,99.0,2024-01-28T00:00:00,2024-01-28T00:27:00,mobile,UK
425,33.0,2023-09-29T00:00:00,2023-09-29T00:33:00,desktop,IN
426,4.0,2023-05-14T00:00:00,2023-05-14T00:41:00,tablet,IN
427,49.0,2024-02-15T00:00:00,2024-02-15T00:48:00,mobile,UK
428,51.0,2023-04-08T00:00:00,2023-04-08T00:01:00,mobile,US
429,91.0,2023-07-18T00:00:00,2023-07-18T00:21:00,tablet,IN
430,63.0,2024-06-15T00:00:00,2024-06-15T00:05:00,desktop,FR
431,85.0,2023-11-04T00:00:00,2023-11-04T00:46:00,mobile,UK
432,61.0,2023-12-11T00:00:00,2023-12-11T00:54:00,desktop,UK
433,3.0,2024-11-11T00:00:00,2024-11-11T00:07:00,desktop,DE
434,16.0,2024-08-29T00:00:00,2024-08-29T00:48:00,mobile,UK
435,10.0,2023-03-12T00:00:00,2023-03-12T00:44:00,mobile,UK
436,57.0,2024-03-01T00:00:00,2024-03-01T00:12:00,desktop,US
437,87.0,2024-08-27T00:00:00,2024-08-27T00:14:00,mobile,US
438,82.0,2024-08-17T00:00:00,2024-08-17T00:42:00,tablet,US
439,50.0,2024-01-10T00:00:00,2024-01-10T00:29:00,desktop,FR
440,1.0,2023-04-19T00:00:00,2023-04-19T00:50:00,mobile,UK
441,32.0,2024-03-18T00:00:00,2024-03-18T00:59:00,desktop,UK
442,12.0,2023-03-17T00:00:00,2023-03-17T00:27:00,desktop,US
443,44.0,2023-09-13T00:00:00,2023-09-13T00:44:00,tablet,US
444,29.0,2023-06-07T00:00:00,2023-06-07T00:52:00,tablet,UK
445,93.0,2023-08-19T00:00:00,2023-08-19T00:03:00,mobile,FR
446,14.0,2024-01-29T00:00:00,2024-01-29T00:21:00,tablet,UK
447,80.0,2023-09-29T00:00:00,2023-09-29T01:00:00,tablet,IN
448,55.0,2023-07-02T00:00:00,2023-07-02T00:15:00,desktop,US
449,46.0,2024-01-26T00:00:00,2024-01-26T00:12:00,desktop,IN
450,84.0,2024-01-18T00:00:00,2024-01-18T00:01:00,mobile,UK
451,59.0,2023-10-12T00:00:00,2023-10-12T00:05:00,tablet,DE
452,84.0,2024-11-28T00:00:00,2024-11-28T00:24:00,desktop,US
453,28.0,2024-04-24T00:00:00,2024-04-24T00:20:00,tablet,IN
454,14.0,2024-08-31T00:00:00,2024-08-31T00:51:00,tablet,UK
455,33.0,2023-06-06T00:00:00,2023-06-06T00:39:00,mobile,IN
456,87.0,2023-07-15T00:00:00,2023-07-15T00:22:00,desktop,DE
457,86.0,2024-07-06T00:00:00,2024-07-06T00:05:00,mobile,US
458,78.0,2024-10-20T00:00:00,2024-10-20T00:29:00,mobile,FR
459,82.0,2023-10-25T00:00:00,2023-10-25T00:33:00,tablet,US
460,30.0,2023-03-22T00:00:00,2023-03-22T00:40:00,desktop,DE
461,31.0,2024-05-12T00:00:00,2024-05-12T00:49:00,desktop,FR
462,11.0,2023-05-01T00:00:00,2023-05-01T00:09:00,mobile,IN
463,38.0,2023-09-23T00:00:00,2023-09-23T00:10:00,mobile,UK
464,83.0,2023-04-08T00:00:00,2023-04-08T00:16:00,tablet,FR
465,57.0,2024-01-31T00:00:00,2024-01-31T00:09:00,mobile,DE
466,83.0,2023-04-10T00:00:00,2023-04-10T00:34:00,mobile,DE
467,97.0,2023-03-25T00:00:00,2023-03-25T00:15:00,tablet,DE
468,44.0,2023-11-04T00:00:00,2023-11-04T00:14:00,tablet,US
469,86.0,2023-11-10T00:00:00,2023-11-10T00:52:00,tablet,UK
470,78.0,2024-03-25T00:00:00,2024-03-25T00:34:00,mobile,UK
471,57.0,2024-12-04T00:00:00,2024-12-04T00:01:00,desktop,IN
472,9.0,2023-09-14T00:00:00,2023-09-14T00:04:00,tablet,UK
473,27.0,2023-07-07T00:00:00,2023-07-07T00:06:00,desktop,FR
474,71.0,2023-09-26T00:00:00,2023-09-26T00:16:00,tablet,US
475,55.0,2024-06-21T00:00:00,2024-06-21T00:20:00,desktop,UK
476,32.0,2024-05-08T00:00:00,2024-05-08T00:12:00,tablet,UK
477,39.0,2023-12-18T00:00:00,2023-12-18T00:37:00,mobile,UK
478,35.0,2024-07-05T00:00:00,2024-07-05T00:06:00,mobile,IN
479,49.0,2023-08-19T00:00:00,2023-08-19T00:31:00,mobile,IN
480,65.0,2024-11-14T00:00:00,2024-11-14T00:48:00,mobile,UK
481,,2024-07-06T00:00:00,2024-07-06T00:02:00,mobile,IN
482,11.0,2024-01-02T00:00:00,2024-01-02T00:39:00,tablet,UK
483,71.0,2023-08-27T00:00:00,2023-08-27T00:17:00,mobile,IN
484,40.0,2024-06-07T00:00:00,2024-06-07T00:19:00,mobile,FR
485,78.0,2024-07-05T00:00:00,2024-07-05T00:05:00,mobile,UK
486,92.0,2024-06-23T00:00:00,2024-06-23T00:13:00,desktop,UK
487,1.0,2023-03-14T00:00:00,2023-03-14T00:56:00,tablet,DE
488,63.0,2024-04-18T00:00:00,2024-04-18T01:00:00,mobile,IN
489,96.0,2024-03-17T00:00:00,2024-03-17T00:25:00,mobile,DE
490,83.0,2024-10-23T00:00:00,2024-10-23T00:05:00,mobile,US
491,16.0,2024-03-29T00:00:00,2024-03-29T01:00:00,tablet,UK
492,25.0,2024-05-20T00:00:00,2024-05-20T00:17:00,tablet,DE
493,66.0,2024-07-13T00:00:00,2024-07-13T00:41:00,tablet,DE
494,90.0,2023-04-29T00:00:00,2023-04-29T00:42:00,mobile,IN
495,95.0,2023-11-08T00:00:00,2023-11-08T00:16:00,mobile,US
496,47.0,2024-12-06T00:00:00,2024-12-06T00:46:00,tablet,US
497,90.0,2024-12-20T00:00:00,2024-12-20T00:10:00,mobile,FR
498,59.0,2023-07-29T00:00:00,2023-07-29T00:17:00,desktop,FR
499,75.0,2023-08-13T00:00:00,2023-08-13T00:01:00,desktop,US
500,83.0,2024-03-28T00:00:00,2024-03-28T00:26:00,tablet,FR
501,11.0,2024-08-12T00:00:00,2024-08-12T00:59:00,desktop,IN
502,22.0,2024-05-11T00:00:00,2024-05-11T00:17:00,tablet,DE
503,65.0,2024-08-27T00:00:00,2024-08-27T00:43:00,mobile,FR
504,40.0,2024-04-25T00:00:00,2024-04-25T00:49:00,tablet,US
505,14.0,2024-12-11T00:00:00,2024-12-11T00:37:00,mobile,UK
506,35.0,2023-10-01T00:00:00,2023-10-01T01:00:00,tablet,IN
507,90.0,2024-01-10T00:00:00,2024-01-10T00:01:00,desktop,IN
508,1.0,2023-06-08T00:00:00,2023-06-08T00:05:00,tablet,IN
509,68.0,2024-04-30T00:00:00,2024-04-30T00:42:00,mobile,IN
510,22.0,2023-08-28T00:00:00,2023-08-28T00:24:00,desktop,UK
511,26.0,2024-07-11T00:00:00,2024-07-11T00:12:00,tablet,US
512,58.0,2024-10-01T00:00:00,2024-10-01T00:53:00,desktop,UK
513,26.0,2023-04-30T00:00:00,2023-04-30T00:48:00,desktop,UK
514,34.0,2024-04-22T00:00:00,2024-04-22T00:29:00,tablet,FR
515,14.0,2024-12-11T00:00:00,2024-12-11T00:11:00,desktop,DE
516,11.0,2024-03-21T00:00:00,2024-03-21T00:08:00,mobile,US
517,44.0,2023-03-31T00:00:00,2023-03-31T00:38:00,desktop,IN
518,63.0,2023-06-12T00:00:00,2023-06-12T00:01:00,desktop,DE
519,97.0,2023-03-08T00:00:00,2023-03-08T00:43:00,tablet,US
520,13.0,2023-10-03T00:00:00,2023-10-03T00:34:00,desktop,IN
521,78.0,2024-08-14T00:00:00,2024-08-14T00:49:00,mobile,IN
522,61.0,2024-02-09T00:00:00,2024-02-09T00:39:00,mobile,DE
523,48.0,2024-02-15T00:00:00,2024-02-15T00:21:00,desktop,DE
524,86.0,2024-04-12T00:00:00,2024-04-12T00:25:00,tablet,US
525,46.0,2024-02-02T00:00:00,2024-02-02T00:52:00,desktop,US
526,59.0,2024-04-15T00:00:00,2024-04-15T00:47:00,desktop,US
527,78.0,2023-07-04T00:00:00,2023-07-04T00:56:00,tablet,DE
528,90.0,2023-11-10T00:00:00,2023-11-10T00:24:00,mobile,FR
529,88.0,2024-06-29T00:00:00,2024-06-29T00:33:00,mobile,UK
530,1.0,2024-12-13T00:00:00,2024-12-13T00:53:00,mobile,US
531,82.0,2024-03-03T00:00:00,2024-03-03T00:56:00,desktop,DE
532,87.0,2024-05-28T00:00:00,2024-05-28T00:15:00,tablet,IN
533,52.0,2024-11-17T00:00:00,2024-11-17T00:51:00,desktop,DE
534,55.0,2024-06-30T00:00:00,2024-06-30T00:43:00,tablet,US
535,94.0,2024-03-29T00:00:00,2024-03-29T00:19:00,tablet,UK
536,92.0,2023-07-25T00:00:00,2023-07-25T00:56:00,tablet,FR
537,,2024-07-29T00:00:00,2024-07-29T00:03:00,desktop,IN
538,,2023-05-29T00:00:00,2023-05-29T00:20:00,tablet,FR
539,60.0,2023-08-20T00:00:00,2023-08-20T00:58:00,mobile,US
540,62.0,2024-09-04T00:00:00,2024-09-04T00:16:00,desktop,UK
541,22.0,2023-05-31T00:00:00,2023-05-31T00:07:00,mobile,US
542,21.0,2024-01-29T00:00:00,2024-01-29T00:58:00,mobile,DE
543,29.0,2023-11-19T00:00:00,2023-11-19T00:43:00,mobile,US
544,86.0,2023-07-18T00:00:00,2023-07-18T01:00:00,tablet,IN
545,12.0,2024-02-04T00:00:00,2024-02-04T00:56:00,desktop,FR
546,99.0,2024-11-05T00:00:00,2024-11-05T00:05:00,tablet,DE
547,49.0,2024-03-25T00:00:00,2024-03-25T00:42:00,tablet,FR
548,56.0,2023-10-25T00:00:00,2023-10-25T00:15:00,mobile,US
549,38.0,2023-05-29T00:00:00,2023-05-29T00:08:00,desktop,DE
550,95.0,2024-10-27T00:00:00,2024-10-27T01:00:00,desktop,US
551,74.0,2024-03-11T00:00:00,2024-03-11T00:09:00,mobile,IN
552,74.0,2023-03-02T00:00:00,2023-03-02T00:20:00,desktop,FR
553,69.0,2023-09-11T00:00:00,2023-09-11T00:55:00,mobile,IN
554,41.0,2024-03-08T00:00:00,2024-03-08T00:52:00,tablet,UK
555,67.0,2024-11-06T00:00:00,2024-11-06T00:38:00,desktop,US
556,51.0,2023-03-10T00:00:00,2023-03-10T00:35:00,mobile,DE
557,19.0,2023-12-29T00:00:00,2023-12-29T00:54:00,desktop,IN
558,88.0,2024-06-09T00:00:00,2024-06-09T00:10:00,tablet,DE
559,19.0,2023-04-05T00:00:00,2023-04-05T00:39:00,mobile,DE
560,65.0,2023-07-05T00:00:00,2023-07-05T00:18:00,tablet,FR
561,62.0,2024-12-06T00:00:00,2024-12-06T00:54:00,desktop,IN
562,38.0,2024-03-20T00:00:00,2024-03-20T00:04:00,mobile,UK
563,92.0,2023-10-02T00:00:00,2023-10-02T00:55:00,tablet,UK
564,90.0,2023-04-23T00:00:00,2023-04-23T01:00:00,desktop,IN
565,94.0,2024-04-05T00:00:00,2024-04-05T00:20:00,tablet,UK
566,3.0,2024-09-12T00:00:00,2024-09-12T00:26:00,mobile,IN
567,87.0,2024-06-27T00:00:00,2024-06-27T00:23:00,mobile,IN
568,10.0,2024-08-22T00:00:00,2024-08-22T00:47:00,mobile,DE
569,90.0,2023-09-16T00:00:00,2023-09-16T00:45:00,tablet,IN
570,13.0,2023-07-13T00:00:00,2023-07-13T00:21:00,tablet,US
571,91.0,2024-01-06T00:00:00,2024-01-06T00:30:00,tablet,UK
572,74.0,2023-07-19T00:00:00,2023-07-19T00:29:00,tablet,IN
573,38.0,2023-07-27T00:00:00,2023-07-27T00:14:00,desktop,UK
574,95.0,2024-12-26T00:00:00,2024-12-26T00:01:00,mobile,FR
575,14.0,2023-07-30T00:00:00,2023-07-30T00:25:00,mobile,UK
576,8.0,2023-06-07T00:00:00,2023-06-07T00:23:00,mobile,UK
577,7.0,2023-06-29T00:00:00,2023-06-29T00:33:00,tablet,DE
578,76.0,2024-05-18T00:00:00,2024-05-18T00:10:00,tablet,IN
579,32.0,2023-04-04T00:00:00,2023-04-04T00:08:00,desktop,IN
580,63.0,2024-01-04T00:00:00,2024-01-04T00:45:00,tablet,UK
581,84.0,2024-03-19T00:00:00,2024-03-19T00:50:00,tablet,US
582,100.0,2024-06-17T00:00:00,2024-06-17T00:56:00,tablet,IN
583,36.0,2024-12-07T00:00:00,2024-12-07T00:42:00,mobile,DE
584,2.0,2023-07-01T00:00:00,2023-07-01T00:08:00,desktop,US
585,63.0,2024-12-16T00:00:00,2024-12-16T00:43:00,tablet,UK
586,3.0,2024-10-21T00:00:00,2024-10-21T00:37:00,tablet,IN
587,36.0,2023-06-05T00:00:00,2023-06-05T00:51:00,tablet,UK
588,50.0,2024-07-08T00:00:00,2024-07-08T00:42:00,tablet,IN
589,39.0,2024-10-06T00:00:00,2024-10-06T00:09:00,desktop,DE
590,9.0,2024-09-01T00:00:00,2024-09-01T00:12:00,mobile,US
591,51.0,2024-09-20T00:00:00,2024-09-20T00:53:00,tablet,FR
592,63.0,2023-05-05T00:00:00,2023-05-05T00:34:00,tablet,FR
593,92.0,2024-12-27T00:00:00,2024-12-27T00:08:00,desktop,US
594,24.0,2024-11-03T00:00:00,2024-11-03T00:45:00,desktop,US
595,72.0,2024-05-31T00:00:00,2024-05-31T00:52:00,mobile,US
596,6.0,2023-07-10T00:00:00,2023-07-10T00:37:00,desktop,UK
597,12.0,2024-09-26T00:00:00,2024-09-26T00:17:00,desktop,US
598,16.0,2024-07-31T00:00:00,2024-07-31T00:20:00,mobile,FR
599,22.0,2024-05-07T00:00:00,2024-05-07T00:43:00,desktop,UK
600,39.0,2023-04-17T00:00:00,2023-04-17T00:34:00,mobile,FR
601,57.0,2023-07-22T00:00:00,2023-07-22T00:37:00,mobile,DE
602,67.0,2024-02-24T00:00:00,2024-02-24T00:39:00,tablet,FR
603,27.0,2023-06-10T00:00:00,2023-06-10T00:43:00,desktop,UK
604,5.0,2023-09-09T00:00:00,2023-09-09T00:10:00,mobile,UK
605,18.0,2024-11-06T00:00:00,2024-11-06T00:36:00,desktop,FR
606,46.0,2023-12-10T00:00:00,2023-12-10T00:09:00,tablet,FR
607,55.0,2023-05-16T00:00:00,2023-05-16T00:36:00,mobile,DE
608,49.0,2024-12-25T00:00:00,2024-12-25T00:58:00,desktop,IN
609,59.0,2023-05-25T00:00:00,2023-05-25T00:17:00,tablet,IN
610,89.0,2023-07-25T00:00:00,2023-07-25T00:35:00,desktop,US
611,81.0,2023-12-01T00:00:00,2023-12-01T00:41:00,tablet,UK
612,92.0,2024-03-16T00:00:00,2024-03-16T00:37:00,tablet,FR
613,78.0,2023-08-15T00:00:00,2023-08-15T00:27:00,desktop,DE
614,,2024-05-18T00:00:00,2024-05-18T00:25:00,desktop,FR
615,32.0,2023-05-19T00:00:00,2023-05-19T00:18:00,desktop,FR
616,15.0,2024-09-12T00:00:00,2024-09-12T00:27:00,desktop,DE
617,82.0,2023-05-31T00:00:00,2023-05-31T00:24:00,mobile,DE
618,19.0,2023-10-18T00:00:00,2023-10-18T00:18:00,desktop,US
619,49.0,2023-10-14T00:00:00,2023-10-14T00:25:00,desktop,US
620,23.0,2024-08-21T00:00:00,2024-08-21T00:47:00,mobile,FR
621,63.0,2023-06-06T00:00:00,2023-06-06T00:34:00,mobile,FR
622,37.0,2024-09-15T00:00:00,2024-09-15T00:18:00,tablet,US
623,7.0,2023-08-22T00:00:00,2023-08-22T00:21:00,mobile,UK
624,45.0,2024-08-26T00:00:00,2024-08-26T00:36:00,tablet,IN
625,62.0,2024-10-27T00:00:00,2024-10-27T00:09:00,mobile,US
626,88.0,2024-08-07T00:00:00,2024-08-07T00:46:00,desktop,UK
627,19.0,2024-03-22T00:00:00,2024-03-22T00:37:00,tablet,DE
628,7.0,2024-12-14T00:00:00,2024-12-14T00:24:00,tablet,UK
629,87.0,2024-11-13T00:00:00,2024-11-13T00:27:00,tablet,IN
630,24.0,2024-05-23T00:00:00,2024-05-23T00:23:00,mobile,FR
631,37.0,2023-12-08T00:00:00,2023-12-08T00:28:00,tablet,UK
632,40.0,2024-12-10T00:00:00,2024-12-10T00:55:00,desktop,DE
633,53.0,2024-01-15T00:00:00,2024-01-15T00:55:00,desktop,US
634,10.0,2023-11-01T00:00:00,2023-11-01T00:06:00,desktop,FR
635,8.0,2023-05-26T00:00:00,2023-05-26T00:48:00,mobile,FR
636,64.0,2023-03-11T00:00:00,2023-03-11T00:28:00,tablet,FR
637,94.0,2023-07-18T00:00:00,2023-07-18T00:31:00,mobile,FR
638,88.0,2024-08-27T00:00:00,2024-08-27T00:45:00,desktop,IN
639,2.0,2024-11-21T00:00:00,2024-11-21T00:13:00,tablet,US
640,92.0,2024-05-09T00:00:00,2024-05-09T00:45:00,tablet,DE
641,32.0,2024-08-22T00:00:00,2024-08-22T00:44:00,tablet,US
642,78.0,2024-06-02T00:00:00,2024-06-02T00:11:00,tablet,FR
643,29.0,2023-08-27T00:00:00,2023-08-27T00:05:00,mobile,UK
644,66.0,2024-02-25T00:00:00,2024-02-25T00:04:00,mobile,IN
645,49.0,2023-08-22T00:00:00,2023-08-22T00:24:00,desktop,DE
646,87.0,2023-11-11T00:00:00,2023-11-11T00:54:00,tablet,US
647,38.0,2024-01-01T00:00:00,2024-01-01T00:31:00,mobile,DE
648,28.0,2023-03-03T00:00:00,2023-03-03T00:48:00,tablet,FR
649,51.0,2023-10-09T00:00:00,2023-10-09T01:00:00,mobile,FR
650,5.0,2024-06-17T00:00:00,2024-06-17T00:58:00,tablet,IN
651,8.0,2024-02-28T00:00:00,2024-02-28T00:01:00,tablet,IN
652,43.0,2023-12-31T00:00:00,2023-12-31T00:23:00,desktop,US
653,45.0,2023-09-07T00:00:00,2023-09-07T00:26:00,mobile,US
654,13.0,2024-05-15T00:00:00,2024-05-15T00:32:00,desktop,US
655,68.0,2024-08-08T00:00:00,2024-08-08T00:58:00,desktop,IN
656,16.0,2024-07-12T00:00:00,2024-07-12T00:01:00,desktop,DE
657,29.0,2024-06-24T00:00:00,2024-06-24T00:26:00,mobile,DE
658,47.0,2024-05-12T00:00:00,2024-05-12T00:58:00,desktop,FR
659,35.0,2023-06-20T00:00:00,2023-06-20T00:29:00,tablet,IN
660,21.0,2023-07-22T00:00:00,2023-07-22T00:23:00,tablet,IN
661,1.0,2024-03-02T00:00:00,2024-03-02T00:57:00,tablet,UK
662,15.0,2023-09-11T00:00:00,2023-09-11T00:19:00,desktop,UK
663,51.0,2024-05-05T00:00:00,2024-05-05T00:48:00,mobile,US
664,21.0,2023-09-20T00:00:00,2023-09-20T00:31:00,tablet,DE
665,16.0,2024-05-05T00:00:00,2024-05-05T00:32:00,tablet,IN
666,,2023-07-09T00:00:00,2023-07-09T00:21:00,mobile,FR
667,93.0,2024-04-02T00:00:00,2024-04-02T00:09:00,desktop,US
668,,2023-03-22T00:00:00,2023-03-22T00:09:00,desktop,DE
669,65.0,2023-03-14T00:00:00,2023-03-14T00:50:00,tablet,UK
670,7.0,2024-02-14T00:00:00,2024-02-14T00:28:00,tablet,US
671,56.0,2024-07-04T00:00:00,2024-07-04T00:19:00,mobile,IN
672,11.0,2024-05-13T00:00:00,2024-05-13T00:16:00,tablet,UK
673,94.0,2024-08-05T00:00:00,2024-08-05T00:12:00,desktop,DE
674,99.0,2023-06-26T00:00:00,2023-06-26T00:56:00,mobile,UK
675,86.0,2024-05-13T00:00:00,2024-05-13T00:13:00,mobile,US
676,90.0,2024-07-27T00:00:00,2024-07-27T00:40:00,desktop,UK
677,76.0,2024-12-04T00:00:00,2024-12-04T00:41:00,desktop,UK
678,16.0,2023-07-14T00:00:00,2023-07-14T00:26:00,desktop,DE
679,25.0,2023-07-28T00:00:00,2023-07-28T00:28:00,desktop,FR
680,26.0,2023-06-02T00:00:00,2023-06-02T00:56:00,desktop,IN
681,53.0,2024-08-19T00:00:00,2024-08-19T00:20:00,tablet,UK
682,29.0,2024-02-08T00:00:00,2024-02-08T00:28:00,mobile,US
683,66.0,2024-05-11T00:00:00,2024-05-11T00:42:00,desktop,DE
684,15.0,2023-12-01T00:00:00,2023-12-01T00:24:00,mobile,DE
685,92.0,2024-05-02T00:00:00,2024-05-02T00:16:00,mobile,US
686,24.0,2023-04-11T00:00:00,2023-04-11T00:01:00,desktop,DE
687,28.0,2023-12-18T00:00:00,2023-12-18T00:31:00,mobile,FR
688,13.0,2024-05-15T00:00:00,2024-05-15T00:12:00,mobile,IN
689,47.0,2024-02-06T00:00:00,2024-02-06T00:20:00,desktop,US
690,86.0,2023-03-14T00:00:00,2023-03-14T00:44:00,tablet,UK
691,43.0,2024-03-04T00:00:00,2024-03-04T00:48:00,mobile,FR
692,68.0,2024-11-09T00:00:00,2024-11-09T00:24:00,desktop,DE
693,27.0,2024-10-19T00:00:00,2024-10-19T00:25:00,desktop,US
694,17.0,2024-12-04T00:00:00,2024-12-04T00:48:00,tablet,US
695,6.0,2024-10-21T00:00:00,2024-10-21T00:59:00,tablet,UK
696,25.0,2024-05-30T00:00:00,2024-05-30T01:00:00,desktop,US
697,70.0,2024-11-23T00:00:00,2024-11-23T00:22:00,mobile,IN
698,98.0,2023-09-23T00:00:00,2023-09-23T00:35:00,tablet,UK
699,6.0,2023-07-09T00:00:00,2023-07-09T00:13:00,mobile,FR
700,92.0,2023-11-14T00:00:00,2023-11-14T00:58:00,tablet,DE
701,47.0,2024-06-02T00:00:00,2024-06-02T00:41:00,tablet,US
702,56.0,2023-05-09T00:00:00,2023-05-09T00:31:00,mobile,FR
703,65.0,2023-03-23T00:00:00,2023-03-23T00:11:00,tablet,DE
704,90.0,2023-07-11T00:00:00,2023-07-11T00:19:00,desktop,FR
705,8.0,2023-09-11T00:00:00,2023-09-11T00:48:00,mobile,IN
706,88.0,2024-08-27T00:00:00,2024-08-27T00:56:00,tablet,US
707,22.0,2024-05-22T00:00:00,2024-05-22T00:49:00,tablet,IN
708,72.0,2024-04-03T00:00:00,2024-04-03T00:26:00,tablet,DE
709,27.0,2023-09-05T00:00:00,2023-09-05T00:01:00,desktop,FR
710,28.0,2024-10-27T00:00:00,2024-10-27T00:45:00,desktop,FR
711,59.0,2024-07-28T00:00:00,2024-07-28T00:46:00,tablet,FR
712,34.0,2024-01-05T00:00:00,2024-01-05T00:55:00,desktop,DE
713,91.0,2023-11-30T00:00:00,2023-11-30T00:36:00,desktop,UK
714,29.0,2023-04-16T00:00:00,2023-04-16T00:35:00,desktop,DE
715,6.0,2024-12-14T00:00:00,2024-12-14T00:10:00,mobile,UK
716,35.0,2023-04-22T00:00:00,2023-04-22T00:42:00,desktop,UK
717,69.0,2023-06-27T00:00:00,2023-06-27T00:01:00,tablet,DE
718,81.0,2024-11-09T00:00:00,2024-11-09T00:24:00,mobile,US
719,91.0,2024-09-13T00:00:00,2024-09-13T00:17:00,tablet,UK
720,53.0,2024-11-16T00:00:00,2024-11-16T00:19:00,mobile,US
721,81.0,2023-03-11T00:00:00,2023-03-11T00:53:00,mobile,UK
722,94.0,2023-12-12T00:00:00,2023-12-12T00:12:00,mobile,US
723,69.0,2024-10-18T00:00:00,2024-10-18T00:07:00,tablet,IN
724,84.0,2023-11-19T00:00:00,2023-11-19T00:56:00,tablet,FR
725,71.0,2023-09-28T00:00:00,2023-09-28T00:53:00,mobile,UK
726,42.0,2023-12-01T00:00:00,2023-12-01T00:14:00,tablet,IN
727,20.0,2024-05-30T00:00:00,2024-05-30T00:15:00,tablet,IN
728,48.0,2023-07-30T00:00:00,2023-07-30T00:58:00,mobile,US
729,64.0,2023-09-02T00:00:00,2023-09-02T00:30:00,desktop,UK
730,25.0,2024-10-04T00:00:00,2024-10-04T00:32:00,tablet,UK
731,83.0,2023-12-14T00:00:00,2023-12-14T00:02:00,mobile,UK
732,23.0,2024-04-07T00:00:00,2024-04-07T00:44:00,tablet,UK
733,9.0,2023-07-25T00:00:00,2023-07-25T00:05:00,mobile,UK
734,59.0,2024-12-20T00:00:00,2024-12-20T00:26:00,desktop,FR
735,18.0,2023-03-13T00:00:00,2023-03-13T00:39:00,desktop,IN
736,50.0,2023-03-22T00:00:00,2023-03-22T00:08:00,desktop,US
737,17.0,2023-11-10T00:00:00,2023-11-10T00:50:00,desktop,DE
738,19.0,2024-12-02T00:00:00,2024-12-02T00:39:00,desktop,US
739,,2023-06-17T00:00:00,2023-06-17T00:35:00,tablet,DE
740,91.0,2023-05-27T00:00:00,2023-05-27T00:13:00,desktop,IN
741,98.0,2024-09-27T00:00:00,2024-09-27T00:58:00,mobile,UK
742,40.0,2024-02-03T00:00:00,2024-02-03T00:31:00,desktop,UK
743,8.0,2024-09-07T00:00:00,2024-09-07T00:45:00,mobile,FR
744,16.0,2023-03-22T00:00:00,2023-03-22T00:53:00,desktop,US
745,70.0,2023-12-29T00:00:00,2023-12-29T00:07:00,tablet,IN
746,19.0,2023-03-02T00:00:00,2023-03-02T00:59:00,desktop,US
747,30.0,2024-05-11T00:00:00,2024-05-11T00:25:00,desktop,DE
748,84.0,2023-12-19T00:00:00,2023-12-19T00:15:00,tablet,IN
749,88.0,2023-06-24T00:00:00,2023-06-24T00:32:00,desktop,US
750,29.0,2023-06-13T00:00:00,2023-06-13T00:19:00,mobile,US
751,79.0,2024-02-05T00:00:00,2024-02-05T00:08:00,mobile,US
752,6.0,2024-11-09T00:00:00,2024-11-09T00:10:00,desktop,IN
753,68.0,2024-02-06T00:00:00,2024-02-06T00:39:00,desktop,IN
754,20.0,2024-01-03T00:00:00,2024-01-03T00:40:00,mobile,DE
755,14.0,2023-12-03T00:00:00,2023-12-03T00:59:00,mobile,DE
756,34.0,2023-05-18T00:00:00,2023-05-18T00:51:00,desktop,UK
757,100.0,2024-12-31T00:00:00,2024-12-31T00:10:00,mobile,UK
758,50.0,2024-05-31T00:00:00,2024-05-31T00:47:00,mobile,US
759,15.0,2024-10-12T00:00:00,2024-10-12T00:28:00,tablet,DE
760,19.0,2023-06-01T00:00:00,2023-06-01T00:21:00,desktop,UK
761,99.0,2024-03-29T00:00:00,2024-03-29T00:23:00,mobile,IN
762,55.0,2024-07-05T00:00:00,2024-07-05T00:45:00,mobile,FR
763,,2024-12-11T00:00:00,2024-12-11T00:22:00,desktop,UK
764,50.0,2024-05-02T00:00:00,2024-05-02T00:36:00,mobile,FR
765,69.0,2024-07-17T00:00:00,2024-07-17T00:35:00,tablet,UK
766,50.0,2023-05-25T00:00:00,2023-05-25T00:38:00,tablet,IN
767,68.0,2024-10-12T00:00:00,2024-10-12T00:50:00,tablet,UK
768,90.0,2023-05-29T00:00:00,2023-05-29T00:16:00,mobile,US
769,27.0,2023-03-18T00:00:00,2023-03-18T00:24:00,tablet,IN
770,18.0,2023-06-21T00:00:00,2023-06-21T00:04:00,mobile,DE
771,100.0,2023-07-21T00:00:00,2023-07-21T00:19:00,mobile,UK
772,71.0,2024-05-05T00:00:00,2024-05-05T00:16:00,desktop,UK
773,8.0,2023-07-20T00:00:00,2023-07-20T00:08:00,tablet,UK
774,49.0,2023-03-27T00:00:00,2023-03-27T00:45:00,mobile,DE
775,7.0,2023-06-17T00:00:00,2023-06-17T00:43:00,tablet,US
776,62.0,2024-10-29T00:00:00,2024-10-29T00:56:00,desktop,US
777,19.0,2024-03-09T00:00:00,2024-03-09T00:10:00,desktop,UK
778,10.0,2023-03-13T00:00:00,2023-03-13T00:37:00,mobile,UK
779,98.0,2023-09-03T00:00:00,2023-09-03T00:31:00,tablet,UK
780,96.0,2024-08-22T00:00:00,2024-08-22T00:45:00,mobile,IN
781,53.0,2024-02-09T00:00:00,2024-02-09T00:29:00,tablet,US
782,37.0,2023-06-22T00:00:00,2023-06-22T00:10:00,desktop,US
783,78.0,2023-08-25T00:00:00,2023-08-25T00:33:00,desktop,US
784,51.0,2024-05-07T00:00:00,2024-05-07T00:44:00,mobile,FR
785,92.0,2023-11-20T00:00:00,2023-11-20T00:59:00,tablet,FR
786,40.0,2023-10-19T00:00:00,2023-10-19T00:28:00,desktop,DE
787,12.0,2024-08-16T00:00:00,2024-08-16T00:25:00,desktop,UK
788,52.0,2024-11-23T00:00:00,2024-11-23T00:04:00,desktop,IN
789,24.0,2024-09-23T00:00:00,2024-09-23T00:39:00,desktop,IN
790,62.0,2024-01-15T00:00:00,2024-01-15T00:42:00,tablet,IN
791,49.0,2023-08-16T00:00:00,2023-08-16T00:04:00,mobile,IN
792,25.0,2023-12-02T00:00:00,2023-12-02T00:07:00,desktop,US
793,47.0,2024-11-07T00:00:00,2024-11-07T00:50:00,mobile,US
794,31.0,2023-12-14T00:00:00,2023-12-14T00:11:00,tablet,US
795,9.0,2023-10-03T00:00:00,2023-10-03T00:39:00,desktop,DE
796,25.0,2024-09-15T00:00:00,2024-09-15T00:13:00,tablet,US
797,31.0,2023-12-01T00:00:00,2023-12-01T00:06:00,tablet,FR
798,6.0,2024-09-28T00:00:00,2024-09-28T00:51:00,mobile,US
799,7.0,2024-01-17T00:00:00,2024-01-17T00:06:00,mobile,US
800,46.0,2023-12-15T00:00:00,2023-12-15T00:26:00,tablet,UK
